country_code,year,NY.GDP.MKTP.KD.ZG,FP.CPI.TOTL.ZG,BN.CAB.XOKA.GD.ZS,FI.RES.TOTL.MO,GC.DOD.TOTL.GD.ZS,NY.GNS.ICTR.ZS,DT.DOD.DECT.GD.ZS,NY.GDP.PCAP.CD,FR.INR.RINR,GC.BAL.CASH.GD.ZS,country_name
IDN,2005,5.69257130383384,10.4532001873347,0.0970882462390686,4.10478485517762,34.2250282105616,24.3384866318462,,1238.21447629488,-0.245735467014772,,Indonesia
IDN,2006,5.50095178520348,13.108670985346,2.97870868013903,4.91547534687069,34.2250282105616,25.7771435873662,,1558.31562847163,1.65815142163521,,Indonesia
IDN,2007,6.34502222667214,6.40656087966005,2.42726412696792,5.67712529732221,34.2250282105616,25.1791234447947,,1823.21976255073,2.3396740908807,,Indonesia
IDN,2008,6.01370360009123,10.2266663272483,0.0246933252771075,4.00096264531685,34.2250282105616,28.45241261442,,2124.55483920618,-3.85224502633452,,Indonesia
IDN,2009,4.62887118256153,4.38641311792074,1.9697705622352,6.54684575689915,29.997306381567,29.0563767984661,,2218.48541852977,5.7479520957843,,Indonesia
IDN,2010,6.22385418062366,5.13420639015885,0.681277286848337,6.86991432991074,29.997306381567,32.7274229888351,,3065.68348377765,-1.74609753559601,,Indonesia
IDN,2011,6.16978420771008,5.35604849112582,0.188703954012605,6.05969044940623,29.997306381567,33.2200730493007,,3579.46442466152,4.59437674883757,,Indonesia
IDN,2012,6.03005065305615,4.2795142691943,-2.66027359471414,5.58937942738163,29.997306381567,31.9853697689232,,3632.27254030331,7.75018856489028,,Indonesia
IDN,2013,5.5572636889101,6.41249457900391,-3.18996482895809,4.95031846769598,29.997306381567,31.1217666400168,,3566.60284506078,6.37493124212137,,Indonesia
IDN,2014,5.006668425755,6.39492882396559,-3.08816907525921,5.74432339947261,29.997306381567,30.6689094593309,,3441.06808464008,6.79211858069728,,Indonesia
IDN,2015,4.87632230022123,6.36312061196646,-2.03504192745969,6.44616105766404,29.997306381567,30.1233564897489,,3288.22269725538,8.34991063469474,,Indonesia
IDN,2016,5.03306918280177,3.52580452815451,-1.81915089251384,7.22588805609531,29.997306381567,29.9227683259243,,3521.46943457574,9.2244323441321,,Indonesia
IDN,2017,5.06978590134916,3.80879857691949,-1.59465689989364,7.08716242011101,29.997306381567,30.8783634343379,,3798.88326174526,6.50156399609039,,Indonesia
IDN,2018,5.17429153955024,3.19834755924996,-2.93907291477017,5.59560758848402,29.997306381567,31.6805227940956,,3860.95353090726,6.47124983937938,,Indonesia
IDN,2019,5.01928768046282,3.03058460941661,-2.7056619813955,6.31777434419502,29.997306381567,30.9027135119119,,4106.94856160358,8.62940479031397,,Indonesia
IDN,2020,-2.06551182934165,1.91983527270793,-0.418606247736126,8.40697484639797,29.997306381567,29.2246087288697,,3853.70288774146,9.98592671987596,,Indonesia
IDN,2021,3.70288562827751,1.56007882983334,0.295885914526078,6.78517585393017,29.997306381567,32.9372955843682,,4287.17313995098,2.7532239499583,,Indonesia
IDN,2022,5.30719722664799,4.20946463714784,1.00182875104005,5.21322077470096,29.997306381567,37.0041185901717,,4730.83484836107,-0.957376340510307,,Indonesia
IDN,2023,5.04883117855516,3.66938654859761,-0.148899596516736,5.72806559441344,29.997306381567,35.8619339722029,,4876.2992959843,7.2850532563888,,Indonesia
IDN,2024,5.03257477088519,2.18151273615189,-0.614730078804115,5.72012468838059,29.997306381567,34.6828714970206,,4925.43644992666,7.83615232511325,,Indonesia
MYS,2005,5.33213916141486,2.97507092684449,13.9199700905602,5.94300135813711,42.0675597614326,36.8157549507862,,5555.58179951206,-2.67317410418221,,Malaysia
MYS,2006,5.5848470671515,3.60923564224389,16.1037222225662,6.20407077455397,40.5883961366256,38.7964745148433,,6158.40785533236,2.40900097691566,,Malaysia
MYS,2007,6.29878592740947,2.02735317779569,15.3811208611024,6.70420376771245,40.0881257702829,38.7668425775513,,7168.93031942508,1.45673534665713,,Malaysia
MYS,2008,4.83176988913097,5.44078221100769,16.8597967039906,5.58926321544649,39.7997028374607,38.5177080119428,,8371.82156086005,-3.90338193758431,,Malaysia
MYS,2009,-1.51352871598714,0.583308405623702,15.7230105263055,7.24461462096015,50.8357455983458,33.3634416267683,,7191.43287234626,11.7823929563059,,Malaysia
MYS,2010,7.42484738326097,1.62285235577035,10.0556778509323,6.34115209858422,49.5598230655171,33.4664682988521,,8899.34505544675,-2.11327732642702,,Malaysia
MYS,2011,5.29391283414003,3.1744709215131,10.905001967915,6.91559543869623,50.0286816425423,34.0818029856008,,10217.1068585031,-0.471868633960644,,Malaysia
MYS,2012,5.47345419253853,1.66357102479206,5.18877994987763,6.96382782004854,51.6464316160996,30.9153494882722,,10600.5744240026,3.7484193736755,,Malaysia
MYS,2013,4.69372252557893,2.10501231233612,3.46614353655813,6.66725243910911,52.9992519246741,29.4198401146816,,10713.6407638899,4.46753081745693,,Malaysia
MYS,2014,6.00672194558203,3.14299050879095,4.39159166153878,5.67002202010292,52.6758487332831,29.3665669513565,,11013.3107334403,2.06851821643173,,Malaysia
MYS,2015,5.09153242155011,2.10438980238359,3.00891850128321,5.50777041074817,53.5744697326154,28.3991476426936,,9648.6797937523,3.30703770408129,,Malaysia
MYS,2016,4.44978139761541,2.09056659525742,2.36768591329055,5.64270997827513,51.8905275342534,28.3850019206649,,9476.53409809923,2.82594518260627,,Malaysia
MYS,2017,5.81272240983328,3.87120115774237,2.807870911226,5.50760741130421,50.0496777374929,28.3359876066459,,9862.54806612235,0.798926040327277,,Malaysia
MYS,2018,4.84308697634881,0.884709160571235,2.23708206947011,4.91023691554348,51.1859148831795,26.1283247399226,,10901.8019954421,4.27704807389124,,Malaysia
MYS,2019,4.41318742129586,0.662891865764326,3.50388669683419,5.26575125943776,52.4213502119727,24.546150625052,,10920.191763972,4.80161718618398,,Malaysia
MYS,2020,-5.45684658426701,-1.1387021539305,4.18956779359845,6.26880997379088,62.0067215086738,23.8210614819294,,9957.52626697613,4.80149199718223,,Malaysia
MYS,2021,3.31534954399166,2.47710241465447,3.87747951420626,5.18620609619313,63.2668366732951,26.0099609240741,,10903.1037480772,-2.11195861208843,,Malaysia
MYS,2022,9.03173723044451,3.37869862549928,3.1234711057235,4.32861908087948,60.1479261322487,26.7807789507514,,11754.5678336248,-2.2468071304743,,Malaysia
MYS,2023,3.5370638041057,2.48886560125754,1.56447203150546,4.77774044018093,64.2816241956596,23.8583516969162,,11386.0395636528,7.30135969525267,,Malaysia
MYS,2024,5.10545921024041,1.834100204499,1.69342393177115,4.45057833503037,64.566529006102,23.3780820262118,,11874.4273684245,4.45730372233753,,Malaysia
PHL,2005,4.94250511877678,6.51685393258433,1.8529075905422,4.60349149593322,65.7097431233166,37.7714550955846,,1220.46018559867,4.03548972128812,,Philippines
PHL,2006,5.31641682136939,5.4852320675105,5.4545225788942,5.08825460250244,58.7978739921016,37.2282016275856,,1426.14649179546,4.4401194500866,,Philippines
PHL,2007,6.51929155018938,2.90000000000003,5.17497335468166,6.74013026531761,51.5748916279875,36.7544223626749,,1712.65543282793,5.35759701816081,,Philippines
PHL,2008,4.34448730509183,8.26044703595725,0.0792959465366613,6.39953482387135,52.4322709324654,36.0222747408748,,1959.29233534978,1.46657832194707,,Philippines
PHL,2009,1.44832306275669,4.21903052064628,4.80078349700448,9.18511809848311,52.4006931344165,37.9486917120278,,1864.45043406471,5.67257824063165,,Philippines
PHL,2010,7.33449996034538,3.78983634797591,3.44540917722718,10.437269739216,50.1962414764938,39.7514910839799,,2162.91375885614,3.16350898272397,,Philippines
PHL,2011,3.85823282795663,4.7184170471842,2.40919069913571,11.5996405959486,48.8058481254572,36.8750710888523,,2383.91892522087,2.64095050382798,,Philippines
PHL,2012,6.89695171050985,3.02696391124796,2.65327822085759,11.4738762540142,49.1574552067049,35.1328493512711,,2614.61644401308,3.61326895733707,,Philippines
PHL,2013,6.75053130142255,2.58268766141795,4.00964958369035,11.620931882498,47.1441818576352,36.3544017148818,,2781.27957677397,3.63093412149458,,Philippines
PHL,2014,6.34798748260867,3.59782343864211,3.6156391335833,9.94050359217836,43.426338941462,37.3474479713157,,2866.83803761407,2.39960024337773,,Philippines
PHL,2015,6.34830971672761,0.674192536845408,2.37094985955594,9.89835817167378,43.426338941462,35.6348333700962,,2909.85818010301,6.34358648995616,,Philippines
PHL,2016,7.14945675000752,1.25369880080982,-0.376262661565376,8.8465616501929,43.426338941462,35.0547724231085,,2985.19564024046,4.30655097833464,,Philippines
PHL,2017,6.9309883258402,2.85318772590947,-0.652387929422697,7.78302270131783,43.426338941462,35.4886316753905,,3038.12124959289,3.2319992694047,,Philippines
PHL,2018,6.34148557153473,5.30934661627707,-2.55939306312468,6.88316024492647,43.426338941462,33.8070507208738,,3168.51036609727,2.29210640379307,,Philippines
PHL,2019,6.11852566221303,2.39206534422404,-0.808557862529767,7.72024557926384,43.426338941462,31.7551872075089,,3400.78949767074,6.35446159033897,,Philippines
PHL,2020,-9.51829474045297,2.3931623931624,3.20065009232565,12.2854455443743,43.426338941462,24.8181733606399,,3227.57910235199,6.35446159033897,,Philippines
PHL,2021,5.71473313185116,3.92718022100332,-1.50797765976295,9.66180966264431,43.426338941462,20.2029188331693,,3484.38593882819,6.35446159033897,,Philippines
PHL,2022,7.58098212785563,5.82115811213955,-4.51605763317134,7.17102711134574,43.426338941462,22.4737175447068,,3548.06930572116,6.35446159033897,,Philippines
PHL,2023,5.51894967856043,5.97802515541409,-2.834121138482,7.61565817073656,43.426338941462,27.3405418997346,,3804.08274131718,6.35446159033897,,Philippines
PHL,2024,5.71474526128652,3.21260487006347,-4.0212789718349,7.34350984657376,43.426338941462,29.1320470859788,,3985.29464669706,6.35446159033897,,Philippines
SGP,2005,7.36632239250758,0.425106276569107,23.2604773041195,4.93299643486235,94.9666937754733,43.62664151037,,29961.3172812732,3.33607855433956,,Singapore
SGP,2006,9.00676607871758,0.965657519018511,26.8933813503311,4.90075591105156,82.8374805427534,48.1685207360732,,33768.4528234651,3.40551309237873,,Singapore
SGP,2007,9.02151951268893,2.10980166714574,27.143332530687,5.08024174951609,77.2760743035509,49.970919838469,,39432.8860198877,-0.554042740231563,,Singapore
SGP,2008,1.86348345462035,6.63544058395309,15.08343561816,4.63162921909622,96.4099647516113,44.3584688806777,,40008.5720489092,6.85627872280123,,Singapore
SGP,2009,0.127953382778088,0.589142019610516,16.3930632928179,6.00113380620524,106.372468302322,43.8631060213423,,38926.8054365453,2.35646709404947,,Singapore
SGP,2010,14.5197497108994,2.82884527612958,22.9333472183784,5.8077734027456,101.449782417951,50.5915809058007,,47236.683084953,4.22538213508497,,Singapore
SGP,2011,6.21493416858989,5.25115624639373,22.2184518342372,5.16536886202671,104.78518384861,48.8092109004309,,53891.4570264372,4.16049084438408,,Singapore
SGP,2012,4.43549759378537,4.58084479423094,17.6432739045995,5.43623357526727,107.828093624626,47.2531022096686,,55547.5553077786,4.86057756338297,,Singapore
SGP,2013,4.81763099120676,2.36439793742726,15.707187590209,5.43683101786015,99.4464888561159,45.5156971062719,,56967.4257940383,5.83621695317835,,Singapore
SGP,2014,3.93554027709007,1.03316955857629,17.9502135491878,5.12342361688902,99.6097986729595,47.2950477994746,,57564.8023114977,5.63232355514565,,Singapore
SGP,2015,2.97679931634806,-0.521975611895763,18.6930222903094,5.41630753480116,103.320839751929,44.0462153091754,,55645.6068614606,2.21015017142368,,Singapore
SGP,2016,3.91095306322606,-0.529809760375464,18.0266123608265,5.59069271249593,108.476641908311,45.2357210400528,,57204.0340105222,4.60380264997622,,Singapore
SGP,2017,4.32679370770501,0.576763191179996,18.4885963302097,5.48780927285261,108.841755783324,46.6182575489954,,61436.1325502558,2.2245050675132,,Singapore
SGP,2018,3.18660848474074,0.438784215129623,15.6764327413725,4.90921841872551,110.440057046779,41.4218332441414,,67032.8225769734,1.50347162588522,,Singapore
SGP,2019,1.15877947300108,0.567829988405447,15.4536632743623,4.79837409853881,127.851935478091,39.9868811642176,,66068.7003106378,5.5952239176712,,Singapore
SGP,2020,-3.61084281729929,-0.172111865925382,17.6975168735289,6.5266318785032,150.816252807492,42.0805317790255,,61772.5036492256,7.61485450331353,,Singapore
SGP,2021,10.1410845197192,2.31610315765146,19.2527773366463,5.86539457353699,147.759530258993,44.1544994049441,,80884.8565369236,-5.20690857279518,,Singapore
SGP,2022,4.01027884472296,6.13095418919732,18.9227008880076,3.52234707372305,152.534986779861,41.9202431450759,,91227.6970426492,-5.20690857279518,,Singapore
SGP,2023,1.45026775889565,4.83372362825798,16.3916456531586,4.31234700367134,173.624161872218,37.8776158568895,,86382.5900499252,-5.20690857279518,,Singapore
SGP,2024,5.3435120192366,2.38951123595017,17.2010838902762,4.1819284049901,167.799832036767,40.4512885852667,,94896.5621495988,-5.20690857279518,,Singapore
THA,2005,4.18763842884337,4.54036919634536,-4.036464315232,4.35228452163583,25.4581282780769,28.2409524233023,,2867.70383436062,-0.354173197273536,,Thailand
THA,2006,4.96781089246107,4.63747436011764,1.04380762367254,5.08069119941125,24.3806591494652,30.4451483129011,,3331.32043511773,1.11279460175694,,Thailand
THA,2007,5.43515169050809,2.24154095286802,5.92665423116421,5.93095596443648,22.9934668319175,32.2498340915576,,3918.52817434581,3.48698568702785,,Thailand
THA,2008,1.72569884866334,5.46848949649846,0.319466151466348,6.0802354647904,22.4502172623288,30.6620557262506,,4309.13509292986,0.654506894891978,,Thailand
THA,2009,-0.690618232300579,-0.845716092316721,7.87655950254759,9.81395828770847,26.7791952036446,29.2740607965439,,4135.43986952819,4.57231980497401,,Thailand
THA,2010,7.51339053261624,3.24758842443725,3.36732467219252,9.0725601386283,26.9008455437265,29.6275906793853,,4973.86288823778,0.243128638611464,,Thailand
THA,2011,0.840132083053334,3.81191694558332,2.54217096328341,7.74152006876012,28.1319763006874,31.4339629664977,,5373.6232832898,1.2766820317925,,Thailand
THA,2012,7.24279620249642,3.00948610403357,-1.23233637957653,7.26906226177321,28.4447160238828,28.9313113964315,,5725.52802835463,3.21675712469183,,Thailand
THA,2013,2.68749556320556,2.18617704418967,-2.10153458942232,6.51019841309142,38.1666950570794,27.2207671462189,,6018.08244729255,3.22433498210821,,Thailand
THA,2014,0.984468863619426,1.89455652481545,2.85828409870041,6.66361179348732,35.3904739452699,27.4850789547057,,5801.1978916205,3.45784317114814,,Thailand
THA,2015,3.13404724911635,-0.898143410569433,6.91581517168623,7.354632050016,36.6705695355179,28.043823657924,,5688.85335397884,3.98101397309843,,Thailand
THA,2016,3.43515771692182,0.186235191075453,10.5083543932086,8.34136438746495,37.3065204045664,30.0765044478694,,5833.57715617098,1.78511916997275,,Thailand
THA,2017,4.1776810321001,0.664415139830893,9.63103019182141,8.78162959167524,37.3065204045664,31.9424672317789,,6413.09182530343,2.46971462408852,,Thailand
THA,2018,4.22287028746071,1.06683487370758,5.61986314598972,7.78824916649138,37.9104188436045,31.6865849444729,,7099.77650081458,2.67979728915769,,Thailand
THA,2019,2.11455779628278,0.705524801910317,7.04854832033554,8.90152084891791,38.6277055941279,31.7166115590555,,7605.69657797759,3.03891578719485,,Thailand
THA,2020,-6.09306312966953,-0.846087518861799,4.1441730948501,12.2043932728337,50.3415889301099,28.2586166665329,,6983.03412836245,4.64285868065104,,Thailand
THA,2021,1.55858232076893,1.23104516549814,-2.14183455857728,9.01100320674599,58.5282063695337,27.6338609938632,,7055.18760721422,1.26044284284124,,Thailand
THA,2022,2.63784213566305,6.07589952842433,-3.42866250197224,7.11722437680349,60.3442670368319,26.4000592714881,,6910.00995211206,-1.43574487358447,,Thailand
THA,2023,2.24883437970568,1.22908986612448,1.64003832144024,7.56658893215616,60.993475200655,25.6220712409329,,7210.54130832685,2.99490663552014,,Thailand
THA,2024,2.94859986593323,0.398333333333422,2.19482817825998,7.45570372627258,61.861415782411,24.0895812398268,,7386.63615126055,3.61835329433484,,Thailand
