country_code,year,NY.GDP.MKTP.KD.ZG,FP.CPI.TOTL.ZG,BN.CAB.XOKA.GD.ZS,FI.RES.TOTL.MO,GC.DOD.TOTL.GD.ZS,NY.GNS.ICTR.ZS,DT.DOD.DECT.GD.ZS,NY.GDP.PCAP.CD,FR.INR.RINR,GC.BAL.CASH.GD.ZS,country_name,score_NY.GDP.MKTP.KD.ZG,score_FP.CPI.TOTL.ZG,score_BN.CAB.XOKA.GD.ZS,score_FI.RES.TOTL.MO,score_GC.DOD.TOTL.GD.ZS,score_NY.GNS.ICTR.ZS,score_DT.DOD.DECT.GD.ZS,score_NY.GDP.PCAP.CD,score_FR.INR.RINR,score_GC.BAL.CASH.GD.ZS,composite_score,rank,credit_band,credit_numeric,composite_yoy,NY.GDP.MKTP.KD.ZG_yoy,FP.CPI.TOTL.ZG_yoy,BN.CAB.XOKA.GD.ZS_yoy,FI.RES.TOTL.MO_yoy,GC.DOD.TOTL.GD.ZS_yoy,NY.GNS.ICTR.ZS_yoy,DT.DOD.DECT.GD.ZS_yoy,NY.GDP.PCAP.CD_yoy,FR.INR.RINR_yoy,GC.BAL.CASH.GD.ZS_yoy,composite_trend_3y,trend_flag,weakening_indicators,strengthening_indicators,NY.GDP.MKTP.KD.ZG_trend_3y,FP.CPI.TOTL.ZG_trend_3y,BN.CAB.XOKA.GD.ZS_trend_3y,FI.RES.TOTL.MO_trend_3y,GC.DOD.TOTL.GD.ZS_trend_3y,NY.GNS.ICTR.ZS_trend_3y,DT.DOD.DECT.GD.ZS_trend_3y,NY.GDP.PCAP.CD_trend_3y,FR.INR.RINR_trend_3y,GC.BAL.CASH.GD.ZS_trend_3y
IDN,2005,5.69257130383384,10.4532001873347,0.0970882462390686,4.10478485517762,34.2250282105616,24.3384866318462,,1238.21447629488,-0.245735467014772,,Indonesia,7.923314173450455,1.0,2.8349517686460644,2.8943063696598577,7.86624576841576,3.401325133903309,,1.0334989107289676,8.023070463749365,,4.3540091220544515,5,BB+,11,,,,,,,,,,,,,N/A,None,None,,,,,,,,,,
IDN,2006,5.50095178520348,13.108670985346,2.97870868013903,4.91547534687069,34.2250282105616,25.7771435873662,,1558.31562847163,1.65815142163521,,Indonesia,7.750856606683132,1.0,3.8723351248500513,3.623927812183621,7.86624576841576,3.7712654938941657,,1.0785131352538229,9.393869023577352,,4.758962780002096,5,BBB-,12,0.4,-0.17,0.0,1.04,0.73,0.0,0.37,,0.05,1.37,,,N/A,None,Current Account / GDP (+1.0); FX Reserves Cover (+0.7); Real Interest Rate (+1.4),,,,,,,,,,
IDN,2007,6.34502222667214,6.40656087966005,2.42726412696792,5.67712529732221,34.2250282105616,25.1791234447947,,1823.21976255073,2.3396740908807,,Indonesia,8.510520004004926,4.234095208305955,3.673815085708451,4.309412767589988,7.86624576841576,3.617488885804351,,1.1157652791086965,9.884565345434105,,5.352438708618674,5,BBB,13,0.59,0.76,3.23,-0.2,0.69,0.0,-0.15,,0.04,0.49,,0.5,IMPROVING,None,GDP Growth (+0.8); Inflation (+3.2); FX Reserves Cover (+0.7),0.3,1.62,0.42,0.71,0.0,0.11,,0.04,0.93,
IDN,2008,6.01370360009123,10.2266663272483,0.0246933252771075,4.00096264531685,34.2250282105616,28.45241261442,,2124.55483920618,-3.85224502633452,,Indonesia,8.212333240082106,1.0,2.8088895970997587,2.8008663807851653,7.86624576841576,4.45919181513657,,1.158140524263369,5.426383581039145,,4.23624536258623,5,BB+,11,-1.12,-0.3,-3.23,-0.86,-1.51,0.0,0.84,,0.04,-4.46,,-0.04,STABLE,Inflation (-3.2); Current Account / GDP (-0.9); FX Reserves Cover (-1.5); Real Interest Rate (-4.5),Gross Savings / GDP (+0.8),0.1,0.0,-0.01,-0.03,0.0,0.35,,0.04,-0.87,
IDN,2009,4.62887118256153,4.38641311792074,1.9697705622352,6.54684575689915,29.997306381567,29.0563767984661,,2218.48541852977,5.7479520957843,,Indonesia,6.965984064305377,6.0522281938713345,3.509117402404672,5.092161181209235,8.50040404276495,4.61449689103414,,1.1713495119807489,7.661474491035303,,5.439240723903224,3,BBB,13,1.2,-1.25,5.05,0.7,2.29,0.63,0.16,,0.01,2.24,,0.22,IMPROVING,GDP Growth (-1.2),Inflation (+5.0); Current Account / GDP (+0.7); FX Reserves Cover (+2.3); Govt Debt / GDP (+0.6); Real Interest Rate (+2.2),-0.26,1.68,-0.12,0.49,0.21,0.28,,0.03,-0.58,
IDN,2010,6.22385418062366,5.13420639015885,0.681277286848337,6.86991432991074,29.997306381567,32.7274229888351,,3065.68348377765,-1.74609753559601,,Indonesia,8.401468762561295,5.379214248857035,3.0452598232654013,5.382922896919666,8.50040404276495,5.558480197129025,,1.290486739906232,6.942809774370873,,5.538740158085071,5,BBB+,14,0.1,1.44,-0.67,-0.46,0.29,0.0,0.94,,0.12,-0.72,,0.06,STABLE,Inflation (-0.7); Real Interest Rate (-0.7),GDP Growth (+1.4); Gross Savings / GDP (+0.9),-0.04,0.38,-0.21,0.36,0.21,0.65,,0.06,-0.98,
IDN,2011,6.16978420771008,5.35604849112582,0.188703954012605,6.05969044940623,29.997306381567,33.2200730493007,,3579.46442466152,4.59437674883757,,Indonesia,8.352805786939072,5.179556357986762,2.867933423444538,4.653721404465608,8.50040404276495,5.685161641248752,,1.3627371847180263,8.49204874083695,,5.566574249903677,4,BBB+,14,0.03,-0.05,-0.2,-0.18,-0.73,0.0,0.13,,0.07,1.55,,0.44,IMPROVING,FX Reserves Cover (-0.7),Real Interest Rate (+1.6),0.05,1.39,0.02,0.62,0.21,0.41,,0.07,1.02,
IDN,2012,6.03005065305615,4.2795142691943,-2.66027359471414,5.58937942738163,29.997306381567,31.9853697689232,,3632.27254030331,7.75018856489028,,Indonesia,8.227045587750535,6.14843715772513,1.8423015059029095,4.230441484643467,8.50040404276495,5.367666512008823,,1.370163325980153,6.219864233278999,,5.207169851341372,5,BBB,13,-0.36,-0.13,0.97,-1.03,-0.42,0.0,-0.32,,0.01,-2.27,,-0.08,STABLE,Current Account / GDP (-1.0); Real Interest Rate (-2.3),Inflation (+1.0),0.42,0.03,-0.56,-0.29,0.0,0.25,,0.07,-0.48,
IDN,2013,5.5572636889101,6.41249457900391,-3.18996482895809,4.95031846769598,29.997306381567,31.1217666400168,,3566.60284506078,6.37493124212137,,Indonesia,7.801537320019091,4.22875487889648,1.6516126615750877,3.6552866209263817,8.50040404276495,5.14559713600432,,1.3609285250866725,7.210049505672613,,4.889180587934778,5,BBB-,12,-0.32,-0.43,-1.92,-0.19,-0.58,0.0,-0.22,,-0.01,0.99,,-0.22,DETERIORATING,Inflation (-1.9); FX Reserves Cover (-0.6),Real Interest Rate (+1.0),-0.2,-0.38,-0.47,-0.58,0.0,-0.14,,0.02,0.09,
IDN,2014,5.006668425755,6.39492882396559,-3.08816907525921,5.74432339947261,29.997306381567,30.6689094593309,,3441.06808464008,6.79211858069728,,Indonesia,7.3060015831794995,4.244564058430969,1.6882591329066845,4.369891059525349,8.50040404276495,5.029148146685089,,1.3432751994025112,6.909674621897958,,4.880148240776341,5,BBB-,12,-0.01,-0.5,0.02,0.04,0.71,0.0,-0.12,,-0.02,-0.3,,-0.23,DETERIORATING,None,FX Reserves Cover (+0.7),-0.35,-0.31,-0.39,-0.1,0.0,-0.22,,-0.01,-0.53,
IDN,2015,4.87632230022123,6.36312061196646,-2.03504192745969,6.44616105766404,29.997306381567,30.1233564897489,,3288.22269725538,8.34991063469474,,Indonesia,7.188690070199107,4.273191449230186,2.0673849061145115,5.001544951897636,8.50040404276495,4.888863097364004,,1.3217813168015378,5.788064343019786,,4.876012059886357,5,BBB-,12,-0.0,-0.12,0.03,0.38,0.63,0.0,-0.14,,-0.02,-1.12,,-0.11,STABLE,Real Interest Rate (-1.1),FX Reserves Cover (+0.6),-0.35,-0.62,0.08,0.25,0.0,-0.16,,-0.02,-0.14,
IDN,2016,5.03306918280177,3.52580452815451,-1.81915089251384,7.22588805609531,29.997306381567,29.9227683259243,,3521.46943457574,9.2244323441321,,Indonesia,7.329762264521593,6.826775924660941,2.1451056786950176,5.703299250485779,8.50040404276495,4.837283283809105,,1.3545816392372134,5.158408712224888,,5.248198042685585,5,BBB,13,0.37,0.14,2.55,0.08,0.7,0.0,-0.05,,0.03,-0.63,,0.12,STABLE,Real Interest Rate (-0.6),Inflation (+2.5); FX Reserves Cover (+0.7),-0.16,0.87,0.17,0.68,0.0,-0.1,,-0.0,-0.68,
IDN,2017,5.06978590134916,3.80879857691949,-1.59465689989364,7.08716242011101,29.997306381567,30.8783634343379,,3798.88326174526,6.50156399609039,,Indonesia,7.362807311214245,6.57208128077246,2.2259235160382893,5.5784461780999095,8.50040404276495,5.083007740258317,,1.3935929586829272,7.118873922814919,,5.442503266224003,4,BBB,13,0.19,0.03,-0.25,0.08,-0.12,0.0,0.25,,0.04,1.96,,0.19,STABLE,None,Real Interest Rate (+2.0),0.02,0.78,0.18,0.4,0.0,0.02,,0.02,0.07,
IDN,2018,5.17429153955024,3.19834755924996,-2.93907291477017,5.59560758848402,29.997306381567,31.6805227940956,,3860.95353090726,6.47124983937938,,Indonesia,7.456862385595217,7.1214871966750355,1.7419337506827386,4.236046829635618,8.50040404276495,5.289277289910298,,1.4023215902838335,7.140700115646847,,5.306438159846581,5,BBB,13,-0.14,0.09,0.55,-0.48,-1.34,0.0,0.21,,0.01,0.02,,0.14,STABLE,FX Reserves Cover (-1.3),Inflation (+0.6),0.09,0.95,-0.11,-0.25,0.0,0.14,,0.03,0.45,
IDN,2019,5.01928768046282,3.03058460941661,-2.7056619813955,6.31777434419502,29.997306381567,30.9027135119119,,4106.94856160358,8.62940479031397,,Indonesia,7.3173589124165375,7.272473851525051,1.82596168669762,4.8859969097755185,8.50040404276495,5.0892691887773465,,1.4369146414755034,5.586828550973942,,5.230657672793591,5,BBB,13,-0.08,-0.14,0.15,0.08,0.65,0.0,-0.2,,0.03,-1.55,,-0.01,STABLE,Real Interest Rate (-1.6),FX Reserves Cover (+0.7),-0.01,0.15,-0.11,-0.27,0.0,0.09,,0.03,0.14,
IDN,2020,-2.06551182934165,1.91983527270793,-0.418606247736126,8.40697484639797,29.997306381567,29.2246087288697,,3853.70288774146,9.98592671987596,,Indonesia,1.0,8.272148254562863,2.6493017508149945,6.766277361758173,8.50040404276495,4.65775653028078,,1.4013019685886428,4.610132761689308,,4.779210746347711,4,BBB-,12,-0.45,-6.32,1.0,0.82,1.88,0.0,-0.43,,-0.04,-0.98,,-0.22,DETERIORATING,GDP Growth (-6.3); Real Interest Rate (-1.0),Inflation (+1.0); Current Account / GDP (+0.8); FX Reserves Cover (+1.9),-2.12,0.57,0.14,0.4,0.0,-0.14,,-0.0,-0.84,
IDN,2021,3.70288562827751,1.56007882983334,0.295885914526078,6.78517585393017,29.997306381567,32.9372955843682,,4287.17313995098,2.7532239499583,,Indonesia,6.13259706544976,8.595929053149993,2.9065189292293883,5.306658268537153,8.50040404276495,5.612447435980394,,1.4622587228056063,9.817678756030023,,5.941231453743008,2,BBB+,14,1.16,5.13,0.32,0.26,-1.46,0.0,0.95,,0.06,5.21,,0.21,IMPROVING,FX Reserves Cover (-1.5),GDP Growth (+5.1); Gross Savings / GDP (+0.9); Real Interest Rate (+5.2),-0.44,0.49,0.39,0.36,0.0,0.11,,0.02,0.89,
IDN,2022,5.30719722664799,4.20946463714784,1.00182875104005,5.21322077470096,29.997306381567,37.0041185901717,,4730.83484836107,-0.957376340510307,,Indonesia,7.57647750398319,6.211481826566944,3.160658350374418,3.891898697230864,8.50040404276495,6.658201923187008,,1.5246486505507757,7.510689034832579,,5.566611789564336,2,BBB+,14,-0.37,1.44,-2.38,0.25,-1.41,0.0,1.05,,0.06,-2.31,,0.11,STABLE,Inflation (-2.4); FX Reserves Cover (-1.4); Real Interest Rate (-2.3),GDP Growth (+1.4); Gross Savings / GDP (+1.1),0.08,-0.35,0.44,-0.33,0.0,0.52,,0.03,0.64,
IDN,2023,5.04883117855516,3.66938654859761,-0.148899596516736,5.72806559441344,29.997306381567,35.8619339722029,,4876.2992959843,7.2850532563888,,Indonesia,7.343948060699644,6.697552106262152,2.746396145253975,4.355259034972096,8.50040404276495,6.3644973071378885,,1.5451045884977923,6.554761655400064,,5.4716788982605955,1,BBB,13,-0.09,-0.23,0.49,-0.41,0.46,0.0,-0.29,,0.02,-0.96,,0.23,IMPROVING,Real Interest Rate (-1.0),None,2.11,-0.52,0.03,-0.8,0.0,0.57,,0.05,0.65,
IDN,2024,5.03257477088519,2.18151273615189,-0.614730078804115,5.72012468838059,29.997306381567,34.6828714970206,,4925.43644992666,7.83615232511325,,Indonesia,7.329317293796671,8.0366385374633,2.5786971716305187,4.348112219542531,8.50040404276495,6.061309813519582,,1.5520145007709365,6.157970325918459,,5.542053515049805,2,BBB+,14,0.07,-0.01,1.34,-0.17,-0.01,0.0,-0.3,,0.01,-0.4,,-0.13,STABLE,None,Inflation (+1.3),0.4,-0.18,-0.11,-0.32,0.0,0.15,,0.03,-1.22,
MYS,2005,5.33213916141486,2.97507092684449,13.9199700905602,5.94300135813711,42.0675597614326,36.8157549507862,,5555.58179951206,-2.67317410418221,,Malaysia,7.598925245273373,7.322436165839959,7.811189232601671,4.548701222323399,6.68986603578511,6.609765558773594,,1.6406286905563834,6.275314644988809,,6.102502726133397,2,A-,15,,,,,,,,,,,,,N/A,None,None,,,,,,,,,,
MYS,2006,5.5848470671515,3.60923564224389,16.1037222225662,6.20407077455397,40.5883961366256,38.7964745148433,,6158.40785533236,2.40900097691566,,Malaysia,7.826362360436351,6.7516879219804995,8.597340000123832,4.783663697098573,6.91174057950616,7.119093446673991,,1.7254011046561133,9.934480703379275,,6.6676088874712685,2,A,16,0.57,0.23,-0.57,0.79,0.23,0.22,0.51,,0.08,3.66,,,N/A,Inflation (-0.6),Current Account / GDP (+0.8); Gross Savings / GDP (+0.5); Real Interest Rate (+3.7),,,,,,,,,,
MYS,2007,6.29878592740947,2.02735317779569,15.3811208611024,6.70420376771245,40.0881257702829,38.7668425775513,,7168.93031942508,1.45673534665713,,Malaysia,8.468907334668522,8.175382139983878,8.337203509996865,5.233783390941205,6.986781134457565,7.111473805656049,,1.8675058261691515,9.248849449593134,,6.902827358663428,2,A,16,0.24,0.64,1.42,-0.26,0.45,0.08,-0.01,,0.14,-0.69,,0.4,IMPROVING,Real Interest Rate (-0.7),GDP Growth (+0.6); Inflation (+1.4),0.44,0.42,0.26,0.34,0.15,0.25,,0.11,1.48,
MYS,2008,4.83176988913097,5.44078221100769,16.8597967039906,5.58926321544649,39.7997028374607,38.5177080119428,,8371.82156086005,-3.90338193758431,,Malaysia,7.1485929002178725,5.1032960100930795,8.869526813436616,4.230336893901841,7.030044574380895,7.0474106316424345,,2.0366624069959443,5.389565004939297,,5.943494298231893,1,BBB+,14,-0.96,-1.32,-3.07,0.53,-1.0,0.04,-0.06,,0.17,-3.86,,-0.05,STABLE,GDP Growth (-1.3); Inflation (-3.1); FX Reserves Cover (-1.0); Real Interest Rate (-3.9),Current Account / GDP (+0.5),-0.15,-0.74,0.35,-0.11,0.11,0.15,,0.13,-0.3,
MYS,2009,-1.51352871598714,0.583308405623702,15.7230105263055,7.24461462096015,50.8357455983458,33.3634416267683,,7191.43287234626,11.7823929563059,,Malaysia,1.437824155611574,9.47502243493867,8.46028378946998,5.720153158864135,5.3746381602481295,5.722027846883277,,1.8706702476736927,3.316677071459752,,5.292067533928028,4,BBB,13,-0.65,-5.71,4.37,-0.41,1.49,-1.66,-1.33,,-0.17,-2.07,,-0.46,DETERIORATING,GDP Growth (-5.7); Govt Debt / GDP (-1.7); Gross Savings / GDP (-1.3); Real Interest Rate (-2.1),Inflation (+4.4); FX Reserves Cover (+1.5),-2.13,0.91,-0.05,0.31,-0.51,-0.47,,0.05,-2.21,
MYS,2010,7.42484738326097,1.62285235577035,10.0556778509323,6.34115209858422,49.5598230655171,33.4664682988521,,8899.34505544675,-2.11327732642702,,Malaysia,9.482362644934874,8.539432879806686,6.420044026335628,4.907036888725798,5.566026540172435,5.748520419704826,,2.1108453984221995,6.678440324972545,,6.170566385930141,4,A-,15,0.88,8.04,-0.94,-2.04,-0.81,0.19,0.03,,0.24,3.36,,-0.24,DETERIORATING,Inflation (-0.9); Current Account / GDP (-2.0); FX Reserves Cover (-0.8),GDP Growth (+8.0); Real Interest Rate (+3.4),0.34,0.12,-0.64,-0.11,-0.48,-0.45,,0.08,-0.86,
MYS,2011,5.29391283414003,3.1744709215131,10.905001967915,6.91559543869623,50.0286816425423,34.0818029856008,,10217.1068585031,-0.471868633960644,,Malaysia,7.564521550726026,7.14297617063821,6.7258007084494,5.424035894826607,5.495697753618654,5.906749339154492,,2.2961556519769983,7.860254583548336,,6.013386320101472,2,A-,15,-0.16,-1.92,-1.4,0.31,0.52,-0.07,0.16,,0.19,1.18,,0.02,STABLE,GDP Growth (-1.9); Inflation (-1.4),FX Reserves Cover (+0.5); Real Interest Rate (+1.2),0.14,0.68,-0.71,0.4,-0.51,-0.38,,0.09,0.82,
MYS,2012,5.47345419253853,1.66357102479206,5.18877994987763,6.96382782004854,51.6464316160996,30.9153494882722,,10600.5744240026,3.7484193736755,,Malaysia,7.726108773284677,8.502786077687146,4.667960781955947,5.467445038043687,5.2530352575850605,5.092518439841423,,2.350080778375365,9.10113805095364,,5.913317638434517,4,BBB+,14,-0.1,0.16,1.36,-2.06,0.04,-0.24,-0.81,,0.05,1.24,,0.21,IMPROVING,Current Account / GDP (-2.1); Gross Savings / GDP (-0.8),Inflation (+1.4); Real Interest Rate (+1.2),2.09,-0.33,-1.26,-0.08,-0.04,-0.21,,0.16,1.93,
MYS,2013,4.69372252557893,2.10501231233612,3.46614353655813,6.66725243910911,52.9992519246741,29.4198401146816,,10713.6407638899,4.46753081745693,,Malaysia,7.024350273021037,8.105488918897493,4.047811673160927,5.2005271951982,5.050112211298885,4.707958886632412,,2.3659807324220172,8.58337781143101,,5.530865642417658,3,BBB+,14,-0.38,-0.7,-0.4,-0.62,-0.27,-0.2,-0.38,,0.02,-0.52,,-0.21,DETERIORATING,GDP Growth (-0.7); Current Account / GDP (-0.6); Real Interest Rate (-0.5),None,-0.82,-0.15,-0.79,0.1,-0.17,-0.34,,0.09,0.63,
MYS,2014,6.00672194558203,3.14299050879095,4.39159166153878,5.67002202010292,52.6758487332831,29.3665669513565,,11013.3107334403,2.06851821643173,,Malaysia,8.206049751023826,7.171308542088145,4.380972998153961,4.303019818092627,5.098622690007535,4.694260073205957,,2.408121821890042,9.689333115830843,,5.621361163764735,3,BBB+,14,0.09,1.18,-0.93,0.33,-0.9,0.05,-0.01,,0.04,1.11,,-0.13,STABLE,Inflation (-0.9); FX Reserves Cover (-0.9),GDP Growth (+1.2); Real Interest Rate (+1.1),0.21,0.01,-0.78,-0.38,-0.13,-0.4,,0.04,0.61,
MYS,2015,5.09153242155011,2.10438980238359,3.00891850128321,5.50777041074817,53.5744697326154,28.3991476426936,,9648.6797937523,3.30703770408129,,Malaysia,7.3823791793951,8.106049177854768,3.8832106604619554,4.156993369673353,4.963829540107691,4.445495108121211,,2.2162205959964174,9.418932853061472,,5.446204116568671,4,BBB,13,-0.18,-0.82,0.93,-0.5,-0.15,-0.13,-0.25,,-0.19,-0.27,,-0.16,STABLE,GDP Growth (-0.8),Inflation (+0.9),-0.11,-0.13,-0.26,-0.44,-0.09,-0.21,,-0.04,0.11,
MYS,2016,4.44978139761541,2.09056659525742,2.36768591329055,5.64270997827513,51.8905275342534,28.3850019206649,,9476.53409809923,2.82594518260627,,Malaysia,6.804803257853869,8.118490064268322,3.6523669287845983,4.278438980447617,5.21642086986199,4.441857636742403,,2.1920126075452044,9.765319468523485,,5.425253994087954,4,BBB,13,-0.02,-0.58,0.01,-0.23,0.12,0.25,-0.0,,-0.02,0.35,,-0.04,STABLE,GDP Growth (-0.6),None,-0.07,0.0,-0.13,-0.31,0.06,-0.09,,-0.06,0.4,
MYS,2017,5.81272240983328,3.87120115774237,2.807870911226,5.50760741130421,50.0496777374929,28.3359876066459,,9862.54806612235,0.798926040327277,,Malaysia,8.031450168849952,6.515918958031867,3.81083352804136,4.156846670173789,5.492548339376065,4.42925395599466,,2.246295821798456,8.775226749035639,,5.334769302972402,5,BBB,13,-0.09,1.23,-1.6,0.16,-0.12,0.28,-0.01,,0.05,-0.99,,-0.1,STABLE,Inflation (-1.6); Real Interest Rate (-1.0),GDP Growth (+1.2),-0.06,-0.22,-0.19,-0.05,0.13,-0.09,,-0.05,-0.3,
MYS,2018,4.84308697634881,0.884709160571235,2.23708206947011,4.91023691554348,51.1859148831795,26.1283247399226,,10901.8019954421,4.27704807389124,,Malaysia,7.158778278713929,9.203761755485887,3.605349545009239,3.619213223989133,5.322112767523075,3.86156921883724,,2.392440905609045,8.720525386798307,,5.394103077918151,3,BBB,13,0.06,-0.87,2.69,-0.21,-0.54,-0.17,-0.57,,0.15,-0.05,,-0.02,STABLE,GDP Growth (-0.9); FX Reserves Cover (-0.5); Gross Savings / GDP (-0.6),Inflation (+2.7),-0.07,0.37,-0.09,-0.18,0.12,-0.19,,0.06,-0.23,
MYS,2019,4.41318742129586,0.662891865764326,3.50388669683419,5.26575125943776,52.4213502119727,24.546150625052,,10920.191763972,4.80161718618398,,Malaysia,6.771868679166274,9.403397320812108,4.0613992108603085,3.939176133493984,5.136797468204095,3.454724446441943,,2.395026966808562,8.342835625947535,,5.373169146633725,4,BBB,13,-0.02,-0.39,0.2,0.46,0.32,-0.19,-0.41,,0.0,-0.38,,-0.02,STABLE,None,None,-0.01,0.43,0.14,-0.11,-0.03,-0.33,,0.07,-0.47,
MYS,2020,-5.45684658426701,-1.1387021539305,4.18956779359845,6.26880997379088,62.0067215086738,23.8210614819294,,9957.52626697613,4.80149199718223,,Malaysia,1.0,10.0,4.308244405695442,4.841928976411792,3.69899177369893,3.268272952496132,,2.2596521312935183,8.342925762028795,,4.624902936824813,5,BBB-,12,-0.75,-5.77,0.6,0.25,0.9,-1.44,-0.19,,-0.14,0.0,,-0.24,DETERIORATING,GDP Growth (-5.8); Govt Debt / GDP (-1.4),Inflation (+0.6); FX Reserves Cover (+0.9),-2.34,1.16,0.17,0.23,-0.6,-0.39,,0.0,-0.14,
MYS,2021,3.31534954399166,2.47710241465447,3.87747951420626,5.18620609619313,63.2668366732951,26.0099609240741,,10903.1037480772,-2.11195861208843,,Malaysia,5.7838145895924935,7.770607826810978,4.195892625114254,3.8675854865738177,3.5099744990057347,3.831132809047626,,2.392623964573356,6.679389799296331,,4.683761312896225,5,BBB-,12,0.06,4.78,-2.23,-0.11,-0.97,-0.19,0.56,,0.13,-1.66,,-0.24,DETERIORATING,Inflation (-2.2); FX Reserves Cover (-1.0); Real Interest Rate (-1.7),GDP Growth (+4.8); Gross Savings / GDP (+0.6),-0.46,-0.48,0.2,0.08,-0.61,-0.01,,-0.0,-0.68,
MYS,2022,9.03173723044451,3.37869862549928,3.1234711057235,4.32861908087948,60.1479261322487,26.7807789507514,,11754.5678336248,-2.2468071304743,,Malaysia,10.0,6.959171237050648,3.92444959806046,3.095757172791532,3.977811080162695,4.029343158764646,,2.5123611016034877,6.582298866058504,,5.067414493146498,3,BBB,13,0.38,4.22,-0.81,-0.27,-0.77,0.47,0.2,,0.12,-0.1,,-0.1,STABLE,Inflation (-0.8); FX Reserves Cover (-0.8),GDP Growth (+4.2),1.08,-0.81,-0.04,-0.28,-0.39,0.19,,0.04,-0.59,
MYS,2023,3.5370638041057,2.48886560125754,1.56447203150546,4.77774044018093,64.2816241956596,23.8583516969162,,11386.0395636528,7.30135969525267,,Malaysia,5.98335742369513,7.760020958868213,3.3632099313419657,3.4999663961628364,3.3577563706510594,3.277861864921308,,2.460536813638675,6.543021019418077,,4.453218432778499,5,BB+,11,-0.61,-4.02,0.8,-0.56,0.4,-0.62,-0.75,,-0.05,-0.04,,-0.06,STABLE,GDP Growth (-4.0); Current Account / GDP (-0.6); Govt Debt / GDP (-0.6); Gross Savings / GDP (-0.8),Inflation (+0.8),1.66,-0.75,-0.31,-0.45,-0.11,0.0,,0.07,-0.6,
MYS,2024,5.10545921024041,1.834100204499,1.69342393177115,4.45057833503037,64.566529006102,23.3780820262118,,11874.4273684245,4.45730372233753,,Malaysia,7.394913289216369,8.3493098159509,3.409632615437614,3.205520501527333,3.3150206490847,3.15436394959732,,2.5292163486846952,8.590741319916978,,4.86807851105219,5,BBB-,12,0.41,1.41,0.59,0.05,-0.29,-0.04,-0.12,,0.07,2.05,,0.06,STABLE,None,GDP Growth (+1.4); Inflation (+0.6); Real Interest Rate (+2.0),0.54,0.19,-0.26,-0.22,-0.06,-0.22,,0.05,0.64,
PHL,2005,4.94250511877678,6.51685393258433,1.8529075905422,4.60349149593322,65.7097431233166,37.7714550955846,,1220.46018559867,4.03548972128812,,Philippines,7.248254606899102,4.1348314606741035,3.467046732595192,3.343142346339898,3.14353853150251,6.855517024578897,,1.031002213599813,8.894447400672554,,4.536238060578916,4,BBB-,12,,,,,,,,,,,,,N/A,None,None,,,,,,,,,,
PHL,2006,5.31641682136939,5.4852320675105,5.4545225788942,5.08825460250244,58.7978739921016,37.2282016275856,,1426.14649179546,4.4401194500866,,Philippines,7.584775139232451,5.063291139240549,4.763628128401912,3.779429142252196,4.18031890118476,6.715823275664868,,1.0599268504087365,8.603113995937647,,5.059413565489994,4,BBB,13,0.52,0.34,0.93,1.3,0.44,1.04,-0.14,,0.03,-0.29,,,N/A,None,Inflation (+0.9); Current Account / GDP (+1.3); Govt Debt / GDP (+1.0),,,,,,,,,,
PHL,2007,6.51929155018938,2.90000000000003,5.17497335468166,6.74013026531761,51.5748916279875,36.7544223626749,,1712.65543282793,5.35759701816081,,Philippines,8.667362395170441,7.389999999999972,4.662990407685397,5.266117238785849,5.263766255801875,6.59399432183069,,1.1002171702414276,7.942530146924216,,5.745628046923293,4,BBB+,14,0.69,1.08,2.33,-0.1,1.49,1.08,-0.12,,0.04,-0.66,,0.6,IMPROVING,Real Interest Rate (-0.7),GDP Growth (+1.1); Inflation (+2.3); FX Reserves Cover (+1.5); Govt Debt / GDP (+1.1),0.71,1.63,0.6,0.96,1.06,-0.13,,0.04,-0.48,
PHL,2008,4.34448730509183,8.26044703595725,0.0792959465366613,6.39953482387135,52.4322709324654,36.0222747408748,,1959.29233534978,1.46657832194707,,Philippines,6.710038574582647,2.565597667638474,2.828546540753198,4.959581341484215,5.13515936013019,6.405727790510663,,1.1349004846585629,9.25593639180189,,4.681987061909251,4,BBB-,12,-1.06,-1.96,-4.82,-1.83,-0.31,-0.13,-0.19,,0.03,1.31,,0.05,STABLE,GDP Growth (-2.0); Inflation (-4.8); Current Account / GDP (-1.8),Real Interest Rate (+1.3),-0.18,-0.52,-0.21,0.54,0.66,-0.15,,0.03,0.12,
PHL,2009,1.44832306275669,4.21903052064628,4.80078349700448,9.18511809848311,52.4006931344165,37.9486917120278,,1864.45043406471,5.67257824063165,,Philippines,4.103490756481021,6.202872531418349,4.528282058921613,7.4666062886348,5.139896029837526,6.901092154521435,,1.12156334229035,7.715743666745212,,5.273726910293601,5,BBB,13,0.59,-2.61,3.64,1.7,2.51,0.0,0.5,,-0.01,-1.54,,0.07,STABLE,GDP Growth (-2.6); Real Interest Rate (-1.5),Inflation (+3.6); Current Account / GDP (+1.7); FX Reserves Cover (+2.5),-1.16,0.38,-0.08,1.23,0.32,0.06,,0.02,-0.3,
PHL,2010,7.33449996034538,3.78983634797591,3.44540917722718,10.437269739216,50.1962414764938,39.7514910839799,,2162.91375885614,3.16350898272397,,Philippines,9.40104996431084,6.589147286821681,4.040347303801784,8.593542765294398,5.470563778525929,7.364669135880545,,1.1635347473391446,9.522273532438742,,6.333740274651844,3,A-,15,1.06,5.3,0.39,-0.49,1.13,0.33,0.46,,0.04,1.81,,0.2,STABLE,None,GDP Growth (+5.3); FX Reserves Cover (+1.1); Real Interest Rate (+1.8),0.24,-0.26,-0.21,1.11,0.07,0.26,,0.02,0.53,
PHL,2011,3.85823282795663,4.7184170471842,2.40919069913571,11.5996405959486,48.8058481254572,36.8750710888523,,2383.91892522087,2.64095050382798,,Philippines,6.272409545160967,5.75342465753422,3.667308651688856,9.63967653635374,5.6791227811814196,6.625018279990592,,1.1946135988591848,9.898515637243854,,5.911833648892501,3,BBB+,14,-0.42,-3.13,-0.84,-0.37,1.05,0.21,-0.74,,0.03,0.38,,0.41,IMPROVING,GDP Growth (-3.1); Inflation (-0.8); Gross Savings / GDP (-0.7),FX Reserves Cover (+1.1),-0.15,1.06,0.28,1.56,0.18,0.07,,0.02,0.22,
PHL,2012,6.89695171050985,3.02696391124796,2.65327822085759,11.4738762540142,49.1574552067049,35.1328493512711,,2614.61644401308,3.61326895733707,,Philippines,9.007256539458863,7.275732479876836,3.755180159508732,9.52648862861278,5.626381718994264,6.177018404612568,,1.2270554374393394,9.19844635071731,,6.324347392981916,2,A-,15,0.41,2.73,1.52,0.09,-0.11,-0.05,-0.45,,0.03,-0.7,,0.35,IMPROVING,Real Interest Rate (-0.7),GDP Growth (+2.7); Inflation (+1.5),1.63,0.36,-0.26,0.69,0.16,-0.24,,0.03,0.5,
PHL,2013,6.75053130142255,2.58268766141795,4.00964958369035,11.620931882498,47.1441818576352,36.3544017148818,,2781.27957677397,3.63093412149458,,Philippines,8.875478171280296,7.675581104723845,4.243473850128526,9.6588386942482,5.9283727213547195,6.491131869541036,,1.2504924404838396,9.185727432523905,,6.526011717271004,2,A,16,0.2,-0.13,0.4,0.49,0.13,0.3,0.31,,0.02,-0.01,,0.06,STABLE,None,None,-0.18,0.36,0.07,0.36,0.15,-0.29,,0.03,-0.11,
PHL,2014,6.34798748260867,3.59782343864211,3.6156391335833,9.94050359217836,43.426338941462,37.3474479713157,,2866.83803761407,2.39960024337773,,Philippines,8.513188734347803,6.761958905222101,4.101630088089989,8.146453232960523,6.4860491587807,6.746486621195467,,1.2625240990394786,9.927712175231964,,6.341087388119586,2,A-,15,-0.18,-0.36,-0.91,-0.14,-1.51,0.56,0.26,,0.01,0.74,,0.14,STABLE,Inflation (-0.9); FX Reserves Cover (-1.5),Govt Debt / GDP (+0.6); Real Interest Rate (+0.7),0.75,0.34,0.15,-0.5,0.27,0.04,,0.02,0.01,
PHL,2015,6.34830971672761,0.674192536845408,2.37094985955594,9.89835817167378,43.426338941462,35.6348333700962,,2909.85818010301,6.34358648995616,,Philippines,8.513478745054849,9.393226716839132,3.653541949440138,8.108522354506402,6.4860491587807,6.306100009453309,,1.2685738065769858,7.232617727231564,,6.285285642773785,2,A-,15,-0.06,0.0,2.63,-0.45,-0.04,0.0,-0.44,,0.01,-2.7,,-0.01,STABLE,Real Interest Rate (-2.7),Inflation (+2.6),-0.16,0.71,-0.03,-0.47,0.29,0.04,,0.01,-0.66,
PHL,2016,7.14945675000752,1.25369880080982,-0.376262661565376,8.8465616501929,43.426338941462,35.0547724231085,,2985.19564024046,4.30655097833464,,Philippines,9.234511075006768,8.871671079271163,2.6645454418364647,7.16190548517361,6.4860491587807,6.1569414802279,,1.2791681369088148,8.69928329559906,,6.176618639720315,3,A-,15,-0.11,0.72,-0.52,-0.99,-0.95,0.0,-0.15,,0.01,1.47,,-0.12,STABLE,Inflation (-0.5); Current Account / GDP (-1.0); FX Reserves Cover (-0.9),GDP Growth (+0.7); Real Interest Rate (+1.5),0.12,0.4,-0.53,-0.83,0.19,-0.11,,0.01,-0.16,
PHL,2017,6.9309883258402,2.85318772590947,-0.652387929422697,7.78302270131783,43.426338941462,35.4886316753905,,3038.12124959289,3.2319992694047,,Philippines,9.03788949325618,7.432131046681478,2.565140345407829,6.204720431186048,6.4860491587807,6.268505287957558,,1.286610800724,9.472960526028617,,5.926993978507862,3,BBB+,14,-0.25,-0.2,-1.44,-0.1,-0.96,0.0,0.11,,0.01,0.77,,-0.14,STABLE,Inflation (-1.4); FX Reserves Cover (-1.0),Real Interest Rate (+0.8),0.17,0.22,-0.51,-0.65,0.0,-0.16,,0.01,-0.15,
PHL,2018,6.34148557153473,5.30934661627707,-2.55939306312468,6.88316024492647,43.426338941462,33.8070507208738,,3168.51036609727,2.29210640379307,,Philippines,8.507337014381257,5.221588045350638,1.8786184972751152,5.394844220433823,6.4860491587807,5.836098756796119,,1.3049467702324289,9.85031661073101,,5.376931191460854,4,BBB,13,-0.55,-0.53,-2.21,-0.69,-0.81,0.0,-0.43,,0.02,0.38,,-0.3,DETERIORATING,GDP Growth (-0.5); Inflation (-2.2); Current Account / GDP (-0.7); FX Reserves Cover (-0.8),None,-0.0,-1.39,-0.59,-0.91,0.0,-0.16,,0.01,0.87,
PHL,2019,6.11852566221303,2.39206534422404,-0.808557862529767,7.72024557926384,43.426338941462,31.7551872075089,,3400.78949767074,6.35446159033897,,Philippines,8.306673095991728,7.847141190198364,2.5089191694892836,6.148221021337456,6.4860491587807,5.308476710502289,,1.3376110231099478,7.224787654955941,,5.557527477116008,3,BBB+,14,0.18,-0.2,2.63,0.63,0.75,0.0,-0.53,,0.03,-2.63,,-0.21,DETERIORATING,Gross Savings / GDP (-0.5); Real Interest Rate (-2.6),Inflation (+2.6); Current Account / GDP (+0.6); FX Reserves Cover (+0.8),-0.31,-0.34,-0.05,-0.34,0.0,-0.28,,0.02,-0.49,
PHL,2020,-9.51829474045297,2.3931623931624,3.20065009232565,12.2854455443743,43.426338941462,24.8181733606399,,3227.57910235199,6.35446159033897,,Philippines,1.0,7.84615384615384,3.9522340332372337,10.0,6.4860491587807,3.5246731498788315,,1.3132533112682483,7.224787654955941,,5.1606144539639285,3,BBB,13,-0.4,-7.31,-0.0,1.44,3.85,0.0,-1.78,,-0.02,0.0,,-0.26,DETERIORATING,GDP Growth (-7.3); Gross Savings / GDP (-1.8),Current Account / GDP (+1.4); FX Reserves Cover (+3.9),-2.68,0.14,0.46,1.26,0.0,-0.91,,0.01,-0.75,
PHL,2021,5.71473313185116,3.92718022100332,-1.50797765976295,9.66180966264431,43.426338941462,20.2029188331693,,3484.38593882819,6.35446159033897,,Philippines,7.943259818666045,6.465537801097012,2.2571280424853377,7.89562869637988,6.4860491587807,2.337893414243534,,1.349366772647714,7.224787654955941,,5.224468823208685,3,BBB,13,0.06,6.94,-1.38,-1.7,-2.1,0.0,-1.19,,0.04,0.0,,-0.05,STABLE,Inflation (-1.4); Current Account / GDP (-1.7); FX Reserves Cover (-2.1); Gross Savings / GDP (-1.2),GDP Growth (+6.9),-0.19,0.42,0.12,0.83,0.0,-1.17,,0.02,-0.88,
PHL,2022,7.58098212785563,5.82115811213955,-4.51605763317134,7.17102711134574,43.426338941462,22.4737175447068,,3548.06930572116,6.35446159033897,,Philippines,9.622883915070068,4.760957699074405,1.1742192520583177,5.6539244002111655,6.4860491587807,2.921813082924606,,1.358322246117038,7.224787654955941,,4.838211367972993,4,BBB-,12,-0.39,1.68,-1.7,-1.08,-2.24,0.0,0.58,,0.01,0.0,,-0.24,DETERIORATING,Inflation (-1.7); Current Account / GDP (-1.1); FX Reserves Cover (-2.2),GDP Growth (+1.7); Gross Savings / GDP (+0.6),0.44,-1.03,-0.45,-0.16,0.0,-0.8,,0.01,0.0,
PHL,2023,5.51894967856043,5.97802515541409,-2.834121138482,7.61565817073656,43.426338941462,27.3405418997346,,3804.08274131718,6.35446159033897,,Philippines,7.767054710704388,4.619777360127319,1.77971639014648,6.054092353662904,6.4860491587807,4.173282202788897,,1.3943241354977285,7.224787654955941,,4.859077888112604,4,BBB-,12,0.02,-1.86,-0.14,0.61,0.4,0.0,1.25,,0.04,0.0,,-0.1,STABLE,GDP Growth (-1.9),Current Account / GDP (+0.6); Gross Savings / GDP (+1.2),2.25,-1.07,-0.72,-1.31,0.0,0.21,,0.03,0.0,
PHL,2024,5.71474526128652,3.21260487006347,-4.0212789718349,7.34350984657376,43.426338941462,29.1320470859788,,3985.29464669706,6.35446159033897,,Philippines,7.943270735157869,7.108655616942877,1.3523395701394358,5.809158861916384,6.4860491587807,4.6339549649659775,,1.4198070596917742,7.224787654955941,,5.146744105543825,4,BBB,13,0.29,0.18,2.49,-0.43,-0.24,0.0,0.46,,0.03,0.0,,-0.03,STABLE,None,Inflation (+2.5),-0.0,0.22,-0.3,-0.69,0.0,0.76,,0.03,0.0,
SGP,2005,7.36632239250758,0.425106276569107,23.2604773041195,4.93299643486235,94.9666937754733,43.62664151037,,29961.3172812732,3.33607855433956,,Singapore,9.429690153256823,9.617404351087805,10.0,3.6396967913761142,1.0,8.361136388380856,,5.072685242679044,9.398023440875516,,6.895850550225611,1,A,16,,,,,,,,,,,,,N/A,None,None,,,,,,,,,,
SGP,2006,9.00676607871758,0.965657519018511,26.8933813503311,4.90075591105156,82.8374805427534,48.1685207360732,,33768.4528234651,3.40551309237873,,Singapore,10.0,9.13090823288334,10.0,3.610680319946404,1.0,9.529048189275963,,5.6080636782997795,9.348030573487314,,7.08141440516752,1,A+,17,0.19,0.57,-0.49,0.0,-0.03,0.0,1.17,,0.54,-0.05,,,N/A,None,GDP Growth (+0.6); Gross Savings / GDP (+1.2); GDP per Capita (+0.5),,,,,,,,,,
SGP,2007,9.02151951268893,2.10980166714574,27.143332530687,5.08024174951609,77.2760743035509,49.970919838469,,39432.8860198877,-0.554042740231563,,Singapore,10.0,8.101178499568833,10.0,3.7722175745644817,1.408588854467365,9.992522244177744,,6.404624596546708,7.801089227033275,,7.025402059126211,1,A+,17,-0.06,0.0,-1.03,0.0,0.16,0.41,0.46,,0.8,-1.55,,0.06,STABLE,Inflation (-1.0); Real Interest Rate (-1.6),GDP per Capita (+0.8),0.28,-0.76,0.0,0.06,0.2,0.82,,0.67,-0.8,
SGP,2008,1.86348345462035,6.63544058395309,15.08343561816,4.63162921909622,96.4099647516113,44.3584688806777,,40008.5720489092,6.85627872280123,,Singapore,4.477135109158315,4.028103474442219,8.230036822537599,3.3684662971865977,1.0,8.549320569317123,,6.485580444377856,6.863479319583114,,5.220696177916288,2,BBB,13,-1.8,-5.52,-4.07,-1.77,-0.4,-0.41,-1.44,,0.08,-0.94,,-0.56,DETERIORATING,GDP Growth (-5.5); Inflation (-4.1); Current Account / GDP (-1.8); Gross Savings / GDP (-1.4); Real Interest Rate (-0.9),None,-1.65,-1.86,-0.59,-0.09,0.0,0.06,,0.47,-0.85,
SGP,2009,0.127953382778088,0.589142019610516,16.3930632928179,6.00113380620524,106.372468302322,43.8631060213423,,38926.8054365453,2.35646709404947,,Singapore,2.9151580445002794,9.469772182350535,8.701502785414444,4.601020425584716,1.0,8.421941548345162,,6.333457014514183,9.896656307715618,,6.2020111617869595,2,A-,15,0.98,-1.56,5.44,0.47,1.23,0.0,-0.13,,-0.15,3.03,,-0.29,DETERIORATING,GDP Growth (-1.6),Inflation (+5.4); FX Reserves Cover (+1.2); Real Interest Rate (+3.0),-2.36,0.11,-0.43,0.33,0.0,-0.37,,0.24,0.18,
SGP,2010,14.5197497108994,2.82884527612958,22.9333472183784,5.8077734027456,101.449782417951,50.5915809058007,,47236.683084953,4.22538213508497,,Singapore,10.0,7.454039251483378,10.0,4.426996062471039,1.0,10.0,,7.502033558821516,8.757724862738822,,7.198656095370875,1,A+,17,1.0,7.08,-2.02,1.3,-0.17,0.0,1.58,,1.17,-1.14,,0.06,STABLE,Inflation (-2.0); Real Interest Rate (-1.1),GDP Growth (+7.1); Current Account / GDP (+1.3); Gross Savings / GDP (+1.6); GDP per Capita (+1.2),0.0,-0.22,0.0,0.22,-0.14,0.0,,0.37,0.32,
SGP,2011,6.21493416858989,5.25115624639373,22.2184518342372,5.16536886202671,104.78518384861,48.8092109004309,,53891.4570264372,4.16049084438408,,Singapore,8.393440751730902,5.273959378245642,10.0,3.848831975824039,1.0,9.693797088682231,,8.437861144342731,8.804446592043462,,6.744086024340485,1,A,16,-0.45,-1.61,-2.18,0.0,-0.58,0.0,-0.31,,0.94,0.05,,0.51,IMPROVING,GDP Growth (-1.6); Inflation (-2.2); FX Reserves Cover (-0.6),GDP per Capita (+0.9),1.3,0.41,0.59,0.16,0.0,0.38,,0.65,0.65,
SGP,2012,4.43549759378537,4.58084479423094,17.6432739045995,5.43623357526727,107.828093624626,47.2531022096686,,55547.5553077786,4.86057756338297,,Singapore,6.791947834406833,5.877239685192154,9.15157860565582,4.092610217740543,1.0,9.293654853914784,,8.670749965156366,8.300384154364261,,6.461209154488265,1,A-,15,-0.28,-1.6,0.6,-0.85,0.24,0.0,-0.4,,0.23,-0.5,,0.09,STABLE,GDP Growth (-1.6); Current Account / GDP (-0.8),Inflation (+0.6),1.29,-1.2,0.15,-0.17,0.0,0.29,,0.78,-0.53,
SGP,2013,4.81763099120676,2.36439793742726,15.707187590209,5.43683101786015,99.4464888561159,45.5156971062719,,56967.4257940383,5.83621695317835,,Singapore,7.135867892086084,7.872041856315467,8.45458753247524,4.093147916074136,1.0,8.846893541612774,,8.870419252286636,7.597923793711589,,6.559104477999013,1,A,16,0.1,0.34,1.99,-0.7,0.0,0.0,-0.45,,0.2,-0.7,,-0.21,DETERIORATING,Current Account / GDP (-0.7); Real Interest Rate (-0.7),Inflation (+2.0),-0.96,0.14,-0.52,-0.11,0.0,-0.39,,0.46,-0.38,
SGP,2014,3.93554027709007,1.03316955857629,17.9502135491878,5.12342361688902,99.6097986729595,47.2950477994746,,57564.8023114977,5.63232355514565,,Singapore,6.341986249381063,9.07014739728134,9.262076877707608,3.8110812552001176,1.0,9.30444086272204,,8.954425325054363,7.744727040295132,,6.766433350322469,1,A,16,0.21,-0.79,1.2,0.81,-0.28,0.0,0.46,,0.08,0.15,,0.01,STABLE,GDP Growth (-0.8),Inflation (+1.2); Current Account / GDP (+0.8),-0.68,1.26,-0.25,-0.01,0.0,-0.13,,0.17,-0.35,
SGP,2015,2.97679931634806,-0.521975611895763,18.6930222903094,5.41630753480116,103.320839751929,44.0462153091754,,55645.6068614606,2.21015017142368,,Singapore,5.479119384713255,10.0,9.529488024511384,4.074676781321044,1.0,8.469026793787961,,8.684538464892896,9.79130812342505,,6.935248524263908,1,A,16,0.17,-0.86,0.93,0.27,0.26,0.0,-0.84,,-0.27,2.05,,0.16,STABLE,GDP Growth (-0.9); Gross Savings / GDP (-0.8),Inflation (+0.9); Real Interest Rate (+2.0),-0.44,1.37,0.13,-0.01,0.0,-0.28,,0.0,0.5,
SGP,2016,3.91095306322606,-0.529809760375464,18.0266123608265,5.59069271249593,108.476641908311,45.2357210400528,,57204.0340105222,4.60380264997622,,Singapore,6.319857756903454,10.0,9.28958044989754,4.231623441246336,1.0,8.774899696013577,,8.903692282729683,8.485262092017122,,6.951349931397637,1,A,16,0.02,0.84,0.0,-0.24,0.16,0.0,0.31,,0.22,-1.31,,0.13,STABLE,Real Interest Rate (-1.3),GDP Growth (+0.8),-0.27,0.71,0.28,0.05,0.0,-0.02,,0.01,0.3,
SGP,2017,4.32679370770501,0.576763191179996,18.4885963302097,5.48780927285261,108.841755783324,46.6182575489954,,61436.1325502558,2.2245050675132,,Singapore,6.694114336934509,9.480913127938004,9.455894678875492,4.139028345567349,1.0,9.13040908402739,,9.498831139879725,9.801643648609504,,7.188200343884962,1,A+,17,0.24,0.37,-0.52,0.17,-0.09,0.0,0.36,,0.6,1.32,,0.14,STABLE,Inflation (-0.5),GDP per Capita (+0.6); Real Interest Rate (+1.3),0.12,0.14,0.07,0.11,0.0,-0.06,,0.18,0.69,
SGP,2018,3.18660848474074,0.438784215129623,15.6764327413725,4.90921841872551,110.440057046779,41.4218332441414,,67032.8225769734,1.50347162588522,,Singapore,5.667947636266666,9.605094206383338,8.4435157868941,3.618296576852959,1.0,7.794185691350647,,10.0,9.28249957063736,,6.735613196670786,1,A,16,-0.45,-1.03,0.12,-1.01,-0.52,0.0,-1.34,,0.5,-0.52,,-0.06,STABLE,GDP Growth (-1.0); Current Account / GDP (-1.0); FX Reserves Cover (-0.5); Gross Savings / GDP (-1.3); Real Interest Rate (-0.5),None,0.06,-0.13,-0.36,-0.15,0.0,-0.22,,0.44,-0.17,
SGP,2019,1.15877947300108,0.567829988405447,15.4536632743623,4.79837409853881,127.851935478091,39.9868811642176,,66068.7003106378,5.5952239176712,,Singapore,3.842901525700972,9.4889530104351,8.363318778770427,3.5185366886849287,1.0,7.425198013655955,,10.0,7.771438779276735,,6.280460399211459,1,A-,15,-0.46,-1.83,-0.12,-0.08,-0.1,0.0,-0.37,,0.0,-1.51,,-0.22,DETERIORATING,GDP Growth (-1.8); Real Interest Rate (-1.5),None,-0.83,-0.17,-0.31,-0.24,0.0,-0.45,,0.37,-0.24,
SGP,2020,-3.61084281729929,-0.172111865925382,17.6975168735289,6.5266318785032,150.816252807492,42.0805317790255,,61772.5036492256,7.61485450331353,,Singapore,1.0,10.0,9.171106074470403,5.0739686906528805,1.0,7.963565314606557,,9.54613332567235,6.3173047576142585,,6.156265670433297,1,A-,15,-0.12,-2.84,0.51,0.81,1.56,0.0,0.54,,-0.45,-1.45,,-0.34,DETERIORATING,GDP Growth (-2.8); Real Interest Rate (-1.4),Inflation (+0.5); Current Account / GDP (+0.8); FX Reserves Cover (+1.6); Gross Savings / GDP (+0.5),-1.9,0.17,-0.09,0.31,0.0,-0.39,,0.02,-1.16,
SGP,2021,10.1410845197192,2.31610315765146,19.2527773366463,5.86539457353699,147.759530258993,44.1544994049441,,80884.8565369236,-5.20690857279518,,Singapore,10.0,7.915507158113686,9.730999841192668,4.478855116183291,1.0,8.496871275557053,,10.0,4.451025827587471,,6.953734970780476,1,A,16,0.8,9.0,-2.08,0.56,-0.6,0.0,0.53,,0.45,-1.87,,0.07,STABLE,Inflation (-2.1); FX Reserves Cover (-0.6); Real Interest Rate (-1.9),GDP Growth (+9.0); Current Account / GDP (+0.6); Gross Savings / GDP (+0.5),1.44,-0.56,0.43,0.29,0.0,0.23,,0.0,-1.61,
SGP,2022,4.01027884472296,6.13095418919732,18.9227008880076,3.52234707372305,152.534986779861,41.9202431450759,,91227.6970426492,-5.20690857279518,,Singapore,6.409250960250664,4.482141229722412,9.612172319682736,2.370112366350745,1.0,7.922348237305232,,10.0,4.451025827587471,,5.736851323982159,1,BBB+,14,-1.22,-3.59,-3.43,-0.12,-2.11,0.0,-0.57,,0.0,0.0,,-0.18,STABLE,GDP Growth (-3.6); Inflation (-3.4); FX Reserves Cover (-2.1); Gross Savings / GDP (-0.6),None,0.86,-1.67,0.42,-0.38,0.0,0.17,,0.0,-1.11,
SGP,2023,1.45026775889565,4.83372362825798,16.3916456531586,4.31234700367134,173.624161872218,37.8776158568895,,86382.5900499252,-5.20690857279518,,Singapore,4.105240983006085,5.649648734567818,8.700992435137096,3.081112303304206,1.0,6.882815506057299,,10.0,4.451025827587471,,5.443033251244806,2,BBB,13,-0.29,-2.3,1.17,-0.91,0.71,0.0,-1.04,,0.0,0.0,,-0.24,DETERIORATING,GDP Growth (-2.3); Current Account / GDP (-0.9); Gross Savings / GDP (-1.0),Inflation (+1.2); FX Reserves Cover (+0.7),1.04,-1.45,-0.16,-0.67,0.0,-0.36,,0.15,-0.62,
SGP,2024,5.3435120192366,2.38951123595017,17.2010838902762,4.1819284049901,167.799832036767,40.4512885852667,,94896.5621495988,-5.20690857279518,,Singapore,7.60916081731294,7.849439887644847,8.992390200499432,2.96373556449109,1.0,7.544617064782866,,10.0,4.451025827587471,,6.2512148529930585,1,A-,15,0.81,3.5,2.2,0.29,-0.12,0.0,0.66,,0.0,0.0,,-0.23,DETERIORATING,None,GDP Growth (+3.5); Inflation (+2.2); Gross Savings / GDP (+0.7),-0.8,-0.02,-0.25,-0.51,0.0,-0.32,,0.0,0.0,
THA,2005,4.18763842884337,4.54036919634536,-4.036464315232,4.35228452163583,25.4581282780769,28.2409524233023,,2867.70383436062,-0.354173197273536,,Thailand,6.568874585959033,5.913667723289176,1.34687284651648,3.117056069472247,9.181280758288464,4.404816337420591,,1.262645851706962,7.944995297963054,,4.921984733062534,3,BBB-,12,,,,,,,,,,,,,N/A,None,None,,,,,,,,,,
THA,2006,4.96781089246107,4.63747436011764,1.04380762367254,5.08069119941125,24.3806591494652,30.4451483129011,,3331.32043511773,1.11279460175694,,Thailand,7.271029803214963,5.826273075894124,3.1757707445221146,3.772622079470125,9.34290112758022,4.9716095661745685,,1.3278419361884308,9.001212113264996,,5.549803810605263,3,BBB+,14,0.63,0.7,-0.09,1.83,0.66,0.16,0.57,,0.07,1.06,,,N/A,None,GDP Growth (+0.7); Current Account / GDP (+1.8); FX Reserves Cover (+0.7); Gross Savings / GDP (+0.6); Real Interest Rate (+1.1),,,,,,,,,,
THA,2007,5.43515169050809,2.24154095286802,5.92665423116421,5.93095596443648,22.9934668319175,32.2498340915576,,3918.52817434581,3.48698568702785,,Thailand,7.691636521457281,7.982613142418782,4.9335955232191155,4.537860367992832,9.550979975212377,5.435671623543383,,1.4104180245173796,9.289370305339949,,6.348006524701342,3,A-,15,0.8,0.42,2.16,1.76,0.77,0.21,0.46,,0.08,0.29,,0.72,IMPROVING,None,Inflation (+2.2); Current Account / GDP (+1.8); FX Reserves Cover (+0.8),0.56,1.04,1.8,0.72,0.18,0.52,,0.08,0.68,
THA,2008,1.72569884866334,5.46848949649846,0.319466151466348,6.0802354647904,22.4502172623288,30.6620557262506,,4309.13509292986,0.654506894891978,,Thailand,4.3531289637970065,5.078359453151386,2.9150078145278853,4.67221191831136,9.632467410650682,5.027385758178726,,1.4653471224432617,8.671244964322224,,5.198115288239757,3,BBB,13,-1.15,-3.34,-2.9,-2.02,0.13,0.08,-0.41,,0.05,-0.62,,0.09,STABLE,GDP Growth (-3.3); Inflation (-2.9); Current Account / GDP (-2.0); Real Interest Rate (-0.6),None,-0.74,-0.28,0.52,0.52,0.15,0.21,,0.07,0.24,
THA,2009,-0.690618232300579,-0.845716092316721,7.87655950254759,9.81395828770847,26.7791952036446,29.2740607965439,,4135.43986952819,4.57231980497401,,Thailand,2.178443590929479,10.0,5.635561420917132,8.032562458937623,8.98312071945331,4.670472776254146,,1.4409212316524016,8.507929740418712,,6.217133482912791,1,A-,15,1.02,-2.17,4.92,2.72,3.36,-0.65,-0.36,,-0.02,-0.16,,0.22,IMPROVING,GDP Growth (-2.2); Govt Debt / GDP (-0.7),Inflation (+4.9); Current Account / GDP (+2.7); FX Reserves Cover (+3.4),-1.7,1.39,0.82,1.42,-0.12,-0.1,,0.04,-0.16,
THA,2010,7.51339053261624,3.24758842443725,3.36732467219252,9.0725601386283,26.9008455437265,29.6275906793853,,4973.86288823778,0.243128638611464,,Thailand,9.562051479354617,7.0771704180064745,4.012236881989308,7.365304124765469,8.964873168441024,4.7613804604133625,,1.5588244686584378,8.375052619800254,,6.455628626934038,2,A-,15,0.24,7.38,-2.92,-1.62,-0.67,-0.02,0.09,,0.12,-0.13,,0.04,STABLE,Inflation (-2.9); Current Account / GDP (-1.6); FX Reserves Cover (-0.7),GDP Growth (+7.4),0.62,-0.3,-0.31,0.94,-0.2,-0.23,,0.05,-0.3,
THA,2011,0.840132083053334,3.81191694558332,2.54217096328341,7.74152006876012,28.1319763006874,31.4339629664977,,5373.6232832898,1.2766820317925,,Thailand,3.556118874748001,6.569274748975012,3.715181546782027,6.167368061884107,8.78020355489689,5.225876191385122,,1.6150407742126285,9.1192110628906,,5.547291798156879,5,BBB+,14,-0.91,-6.01,-0.51,-0.3,-1.2,-0.18,0.46,,0.06,0.74,,0.12,STABLE,GDP Growth (-6.0); Inflation (-0.5); FX Reserves Cover (-1.2),Real Interest Rate (+0.7),-0.27,0.5,0.27,0.5,-0.28,0.06,,0.05,0.15,
THA,2012,7.24279620249642,3.00948610403357,-1.23233637957653,7.26906226177321,28.4447160238828,28.9313113964315,,5725.52802835463,3.21675712469183,,Thailand,9.318516582246778,7.291462506369787,2.356358903352449,5.7421560355958885,8.73329259641758,4.582337216225243,,1.6645273789873698,9.483934870221882,,6.072157746510196,3,A-,15,0.52,5.76,0.72,-1.36,-0.43,-0.05,-0.64,,0.05,0.36,,-0.05,STABLE,Current Account / GDP (-1.4); Gross Savings / GDP (-0.6),GDP Growth (+5.8); Inflation (+0.7),2.38,-0.9,-1.09,-0.77,-0.08,-0.03,,0.08,0.32,
THA,2013,2.68749556320556,2.18617704418967,-2.10153458942232,6.51019841309142,38.1666950570794,27.2207671462189,,6018.08244729255,3.22433498210821,,Thailand,5.218746006885004,8.032440660229298,2.043447547807965,5.059178571782278,7.27499574143809,4.142482980456289,,1.7056678441505149,9.478478812882088,,5.261866808101634,4,BBB,13,-0.81,-4.1,0.74,-0.31,-0.68,-1.46,-0.44,,0.04,-0.01,,-0.4,DETERIORATING,GDP Growth (-4.1); FX Reserves Cover (-0.7); Govt Debt / GDP (-1.5),Inflation (+0.7),-1.45,0.32,-0.66,-0.77,-0.56,-0.21,,0.05,0.36,
THA,2014,0.984468863619426,1.89455652481545,2.85828409870041,6.66361179348732,35.3904739452699,27.4850789547057,,5801.1978916205,3.45784317114814,,Thailand,3.686021977257483,8.294899127666095,3.828982275532147,5.1972506141385875,7.691428908209515,4.21044887406718,,1.675168453509133,9.31035291677334,,5.436809378216713,4,BBB,13,0.17,-1.53,0.26,1.79,0.14,0.42,0.07,,-0.03,-0.17,,-0.04,STABLE,GDP Growth (-1.5),Current Account / GDP (+1.8),0.04,0.57,0.04,-0.32,-0.36,-0.34,,0.02,0.06,
THA,2015,3.13404724911635,-0.898143410569433,6.91581517168623,7.354632050016,36.6705695355179,28.043823657924,,5688.85335397884,3.98101397309843,,Thailand,5.620642524204714,10.0,5.289693461807043,5.8191688450144,7.499414569672315,4.354126083466172,,1.6593700029032743,8.93366993936913,,6.134543478520733,3,A-,15,0.7,1.93,1.71,1.46,0.62,-0.19,0.14,,-0.02,-0.38,,0.02,STABLE,None,GDP Growth (+1.9); Inflation (+1.7); Current Account / GDP (+1.5); FX Reserves Cover (+0.6),-1.23,0.9,0.98,0.03,-0.41,-0.08,,-0.0,-0.19,
THA,2016,3.43515771692182,0.186235191075453,10.5083543932086,8.34136438746495,37.3065204045664,30.0765044478694,,5833.57715617098,1.78511916997275,,Thailand,5.8916419452296385,9.832388328032092,6.583007581555096,6.7072279487184545,7.40402193931504,4.876815429452131,,1.679721787586544,9.48528580238038,,6.548137052509613,2,A,16,0.41,0.27,-0.17,1.29,0.89,-0.1,0.52,,0.02,0.55,,0.43,IMPROVING,None,Current Account / GDP (+1.3); FX Reserves Cover (+0.9); Gross Savings / GDP (+0.5); Real Interest Rate (+0.6),0.22,0.6,1.51,0.55,0.04,0.24,,-0.01,-0.0,
THA,2017,4.1776810321001,0.664415139830893,9.63103019182141,8.78162959167524,37.3065204045664,31.9424672317789,,6413.09182530343,2.46971462408852,,Thailand,6.55991292889009,9.402026374152197,6.2671708690557075,7.103466632507716,7.40402193931504,5.356634431028859,,1.7612160379332948,9.978194529343735,,6.687489563978284,2,A,16,0.14,0.67,-0.43,-0.32,0.4,0.0,0.48,,0.08,0.49,,0.42,IMPROVING,None,GDP Growth (+0.7),0.96,0.37,0.81,0.64,-0.1,0.38,,0.03,0.22,
THA,2018,4.22287028746071,1.06683487370758,5.61986314598972,7.78824916649138,37.9104188436045,31.6865849444729,,7099.77650081458,2.67979728915769,,Thailand,6.6005832587146385,9.039848613663178,4.8231507325563,6.209424249842242,7.313437173459325,5.290836128578746,,1.8577810704270503,9.870545951806465,,6.300081043021755,2,A-,15,-0.39,0.04,-0.36,-1.44,-0.89,-0.09,-0.07,,0.1,-0.11,,0.05,STABLE,Current Account / GDP (-1.4); FX Reserves Cover (-0.9),None,0.33,-0.32,-0.16,0.13,-0.06,0.31,,0.07,0.31,
THA,2019,2.11455779628278,0.705524801910317,7.04854832033554,8.90152084891791,38.6277055941279,31.7166115590555,,7605.69657797759,3.03891578719485,,Thailand,4.703102016654502,9.365027678280716,5.337477395320795,7.211368764026119,7.205844160880814,5.298557258042844,,1.9289260812780984,9.611980633219709,,6.273605090086427,2,A-,15,-0.03,-1.9,0.33,0.51,1.0,-0.11,0.01,,0.07,-0.26,,-0.09,STABLE,GDP Growth (-1.9),Current Account / GDP (+0.5); FX Reserves Cover (+1.0),-0.4,-0.15,-0.42,0.17,-0.07,0.14,,0.08,0.04,
THA,2020,-6.09306312966953,-0.846087518861799,4.1441730948501,12.2043932728337,50.3415889301099,28.2586166665329,,6983.03412836245,4.64285868065104,,Thailand,1.0,10.0,4.291902314146036,10.0,5.448761660483515,4.409358571394175,,1.8413641743009697,8.457141749931251,,5.602920150114598,2,BBB+,14,-0.67,-3.7,0.63,-1.05,2.79,-1.76,-0.89,,-0.09,-1.15,,-0.36,DETERIORATING,GDP Growth (-3.7); Current Account / GDP (-1.1); Govt Debt / GDP (-1.8); Gross Savings / GDP (-0.9); Real Interest Rate (-1.1),Inflation (+0.6); FX Reserves Cover (+2.8),-1.85,0.2,-0.66,0.97,-0.65,-0.32,,0.03,-0.51,
THA,2021,1.55858232076893,1.23104516549814,-2.14183455857728,9.01100320674599,58.5282063695337,27.6338609938632,,7055.18760721422,1.26044284284124,,Thailand,4.202724088692037,8.892059351051675,2.028939558912179,7.309902886071391,4.220769044569945,4.248707112707679,,1.8515107572645,9.107518846845691,,5.055103521862607,4,BBB,13,-0.55,3.2,-1.11,-2.26,-2.69,-1.23,-0.16,,0.01,0.65,,-0.42,DETERIORATING,Inflation (-1.1); Current Account / GDP (-2.3); FX Reserves Cover (-2.7); Govt Debt / GDP (-1.2),GDP Growth (+3.2); Real Interest Rate (+0.7),-0.8,-0.05,-0.93,0.37,-1.03,-0.35,,-0.0,-0.25,
THA,2022,2.63784213566305,6.07589952842433,-3.42866250197224,7.11722437680349,60.3442670368319,26.4000592714881,,6910.00995211206,-1.43574487358447,,Thailand,5.174057922096745,4.5316904244181035,1.5656814992899937,5.605501939123141,3.948359944475215,3.931443812668369,,1.8310951495157584,7.166263691019182,,4.079670146327755,5,BB+,11,-0.98,0.97,-4.36,-0.46,-1.7,-0.27,-0.32,,-0.02,-1.94,,-0.73,DETERIORATING,Inflation (-4.4); FX Reserves Cover (-1.7); Real Interest Rate (-1.9),GDP Growth (+1.0),0.16,-1.61,-1.26,-0.53,-1.09,-0.46,,-0.03,-0.81,
THA,2023,2.24883437970568,1.22908986612448,1.64003832144024,7.56658893215616,60.993475200655,25.6220712409329,,7210.54130832685,2.99490663552014,,Thailand,4.823950941735111,8.893819120487967,3.390413795718487,6.009930038940544,3.8509787199017502,3.73138974766846,,1.8733573714834637,9.6436672224255,,5.123846758433317,3,BBB,13,1.04,-0.35,4.36,1.82,0.4,-0.1,-0.2,,0.04,2.48,,-0.16,STABLE,None,Inflation (+4.4); Current Account / GDP (+1.8); Real Interest Rate (+2.5),1.27,-0.37,-0.3,-1.33,-0.53,-0.23,,0.01,0.4,
THA,2024,2.94859986593323,0.398333333333422,2.19482817825998,7.45570372627258,61.861415782411,24.0895812398268,,7386.63615126055,3.61835329433484,,Thailand,5.453739879339908,9.64149999999992,3.590138144173593,5.910133353645322,3.7207876326383498,3.337320890241177,,1.8981207087710148,9.194785628078916,,5.212786261073321,3,BBB,13,0.09,0.63,0.75,0.2,-0.1,-0.13,-0.39,,0.02,-0.45,,0.05,STABLE,None,GDP Growth (+0.6); Inflation (+0.8),0.42,0.25,0.52,-0.47,-0.17,-0.3,,0.01,0.03,
